INSERT INTO `barragem` ( `bacia`, `estado`, `latitude`, `longitude`, `municipio`, `nome`) VALUES ( 'Bacia teste', 'Minas Gerais', -23.0102039848, -46.0102039848, 'Brumadinho', 'Barragem 1' );
INSERT INTO `barragem` ( `bacia`, `estado`, `latitude`, `longitude`, `municipio`, `nome`) VALUES ( 'Bacia teste 2', 'Minas Gerais', -23.674893294, -46.5467578903, 'Brumadinho', 'Barragem 2' );

INSERT INTO `vazao` ( `data`, `metros_cubicos`, `barragem_id`) VALUES ( '2020-03-01', 7, 2);
INSERT INTO `vazao` ( `data`, `metros_cubicos`, `barragem_id`) VALUES ( '2020-03-02', 3, 2);
INSERT INTO `vazao` ( `data`, `metros_cubicos`, `barragem_id`) VALUES ( '2020-03-03', 1, 2);
INSERT INTO `vazao` ( `data`, `metros_cubicos`, `barragem_id`) VALUES ( '2020-03-04', 4, 2);
INSERT INTO `vazao` ( `data`, `metros_cubicos`, `barragem_id`) VALUES ( '2020-03-05', 3, 2);
INSERT INTO `vazao` ( `data`, `metros_cubicos`, `barragem_id`) VALUES ( '2020-03-06', 8, 2);
INSERT INTO `vazao` ( `data`, `metros_cubicos`, `barragem_id`) VALUES ( '2020-03-07', 12, 2);
INSERT INTO `vazao` ( `data`, `metros_cubicos`, `barragem_id`) VALUES ( '2020-03-08', 5, 2);
INSERT INTO `vazao` ( `data`, `metros_cubicos`, `barragem_id`) VALUES ( '2020-03-09', 2, 2);
INSERT INTO `vazao` ( `data`, `metros_cubicos`, `barragem_id`) VALUES ( '2020-03-10', 8, 2);
INSERT INTO `vazao` ( `data`, `metros_cubicos`, `barragem_id`) VALUES ( '2020-03-11', 9, 2);
INSERT INTO `vazao` ( `data`, `metros_cubicos`, `barragem_id`) VALUES ( '2020-03-12', 7, 2);

INSERT INTO `piezometro` ( `data`, `kpa`, `barragem_id`) VALUES ( '2020-03-01', 7, 2);
INSERT INTO `piezometro` ( `data`, `kpa`, `barragem_id`) VALUES ( '2020-03-02', 6, 2);
INSERT INTO `piezometro` ( `data`, `kpa`, `barragem_id`) VALUES ( '2020-03-03', 5, 2);
INSERT INTO `piezometro` ( `data`, `kpa`, `barragem_id`) VALUES ( '2020-03-04', 6, 2);
INSERT INTO `piezometro` ( `data`, `kpa`, `barragem_id`) VALUES ( '2020-03-05', 2, 2);
INSERT INTO `piezometro` ( `data`, `kpa`, `barragem_id`) VALUES ( '2020-03-06', 9, 2);
INSERT INTO `piezometro` ( `data`, `kpa`, `barragem_id`) VALUES ( '2020-03-07', 5, 2);
INSERT INTO `piezometro` ( `data`, `kpa`, `barragem_id`) VALUES ( '2020-03-08', 4, 2);
INSERT INTO `piezometro` ( `data`, `kpa`, `barragem_id`) VALUES ( '2020-03-09', 7, 2);
INSERT INTO `piezometro` ( `data`, `kpa`, `barragem_id`) VALUES ( '2020-03-10', 2, 2);
INSERT INTO `piezometro` ( `data`, `kpa`, `barragem_id`) VALUES ( '2020-03-11', 5, 2);
INSERT INTO `piezometro` ( `data`, `kpa`, `barragem_id`) VALUES ( '2020-03-12', 3, 2);

INSERT INTO `inclinometro` ( `data`, `barragem_id`) VALUES ( '2020-03-01', 2);
INSERT INTO `inclinometro` ( `data`, `barragem_id`) VALUES ( '2020-03-02', 2);
INSERT INTO `inclinometro` ( `data`, `barragem_id`) VALUES ( '2020-03-03', 2);
INSERT INTO `inclinometro` ( `data`, `barragem_id`) VALUES ( '2020-03-04', 2);

INSERT INTO `profundidade` ( `leitura`) VALUES ( 1 );
INSERT INTO `profundidade` ( `leitura`) VALUES ( 2 );
INSERT INTO `profundidade` ( `leitura`) VALUES ( 3 );
INSERT INTO `profundidade` ( `leitura`) VALUES ( 4 );
INSERT INTO `profundidade` ( `leitura`) VALUES ( 5 );
INSERT INTO `profundidade` ( `leitura`) VALUES ( 6 );
INSERT INTO `profundidade` ( `leitura`) VALUES ( 7 );
INSERT INTO `profundidade` ( `leitura`) VALUES ( 8 );
INSERT INTO `profundidade` ( `leitura`) VALUES ( 9 );
INSERT INTO `profundidade` ( `leitura`) VALUES ( 10 );
INSERT INTO `profundidade` ( `leitura`) VALUES ( 11 );
INSERT INTO `profundidade` ( `leitura`) VALUES ( 12 );
INSERT INTO `profundidade` ( `leitura`) VALUES ( 13 );
INSERT INTO `profundidade` ( `leitura`) VALUES ( 14 );
INSERT INTO `profundidade` ( `leitura`) VALUES ( 15 );

INSERT INTO `inclinometro_profundidade` ( `inclinometro_id`, `profundidade_id`) VALUES ( 1, 1 );
INSERT INTO `inclinometro_profundidade` ( `inclinometro_id`, `profundidade_id`) VALUES ( 1, 2 );
INSERT INTO `inclinometro_profundidade` ( `inclinometro_id`, `profundidade_id`) VALUES ( 1, 3 );
INSERT INTO `inclinometro_profundidade` ( `inclinometro_id`, `profundidade_id`) VALUES ( 1, 4 );
INSERT INTO `inclinometro_profundidade` ( `inclinometro_id`, `profundidade_id`) VALUES ( 1, 5 );
INSERT INTO `inclinometro_profundidade` ( `inclinometro_id`, `profundidade_id`) VALUES ( 1, 6 );
INSERT INTO `inclinometro_profundidade` ( `inclinometro_id`, `profundidade_id`) VALUES ( 1, 7 );
INSERT INTO `inclinometro_profundidade` ( `inclinometro_id`, `profundidade_id`) VALUES ( 1, 8 );
INSERT INTO `inclinometro_profundidade` ( `inclinometro_id`, `profundidade_id`) VALUES ( 1, 9 );
INSERT INTO `inclinometro_profundidade` ( `inclinometro_id`, `profundidade_id`) VALUES ( 1, 10 );
INSERT INTO `inclinometro_profundidade` ( `inclinometro_id`, `profundidade_id`) VALUES ( 1, 11 );
INSERT INTO `inclinometro_profundidade` ( `inclinometro_id`, `profundidade_id`) VALUES ( 1, 12 );
INSERT INTO `inclinometro_profundidade` ( `inclinometro_id`, `profundidade_id`) VALUES ( 1, 13 );
INSERT INTO `inclinometro_profundidade` ( `inclinometro_id`, `profundidade_id`) VALUES ( 1, 14 );
INSERT INTO `inclinometro_profundidade` ( `inclinometro_id`, `profundidade_id`) VALUES ( 1, 15 );

INSERT INTO `deslocamento` ( `leitura`) VALUES (320);
INSERT INTO `deslocamento` ( `leitura`) VALUES ( 300 );
INSERT INTO `deslocamento` ( `leitura`) VALUES ( 260);
INSERT INTO `deslocamento` ( `leitura`) VALUES ( 240 );
INSERT INTO `deslocamento` ( `leitura`) VALUES ( 200 );
INSERT INTO `deslocamento` ( `leitura`) VALUES ( 180 );
INSERT INTO `deslocamento` ( `leitura`) VALUES ( 140 );
INSERT INTO `deslocamento` ( `leitura`) VALUES ( 130 );
INSERT INTO `deslocamento` ( `leitura`) VALUES ( 110 );
INSERT INTO `deslocamento` ( `leitura`) VALUES ( 80 );
INSERT INTO `deslocamento` ( `leitura`) VALUES ( 40 );
INSERT INTO `deslocamento` ( `leitura`) VALUES ( 10 );
INSERT INTO `deslocamento` ( `leitura`) VALUES ( 9 );
INSERT INTO `deslocamento` ( `leitura`) VALUES ( 8 );
INSERT INTO `deslocamento` ( `leitura`) VALUES ( 7 );

INSERT INTO `inclinometro_deslocamento` ( `inclinometro_id`, `deslocamento_id`) VALUES ( 1, 1 );
INSERT INTO `inclinometro_deslocamento` ( `inclinometro_id`, `deslocamento_id`) VALUES ( 1, 2 );
INSERT INTO `inclinometro_deslocamento` ( `inclinometro_id`, `deslocamento_id`) VALUES ( 1, 3 );
INSERT INTO `inclinometro_deslocamento` ( `inclinometro_id`, `deslocamento_id`) VALUES ( 1, 4 );
INSERT INTO `inclinometro_deslocamento` ( `inclinometro_id`, `deslocamento_id`) VALUES ( 1, 5 );
INSERT INTO `inclinometro_deslocamento` ( `inclinometro_id`, `deslocamento_id`) VALUES ( 1, 6 );
INSERT INTO `inclinometro_deslocamento` ( `inclinometro_id`, `deslocamento_id`) VALUES ( 1, 7 );
INSERT INTO `inclinometro_deslocamento` ( `inclinometro_id`, `deslocamento_id`) VALUES ( 1, 8 );
INSERT INTO `inclinometro_deslocamento` ( `inclinometro_id`, `deslocamento_id`) VALUES ( 1, 9 );
INSERT INTO `inclinometro_deslocamento` ( `inclinometro_id`, `deslocamento_id`) VALUES ( 1, 10 );
INSERT INTO `inclinometro_deslocamento` ( `inclinometro_id`, `deslocamento_id`) VALUES ( 1, 11 );
INSERT INTO `inclinometro_deslocamento` ( `inclinometro_id`, `deslocamento_id`) VALUES ( 1, 12 );
INSERT INTO `inclinometro_deslocamento` ( `inclinometro_id`, `deslocamento_id`) VALUES ( 1, 13 );
INSERT INTO `inclinometro_deslocamento` ( `inclinometro_id`, `deslocamento_id`) VALUES ( 1, 14 );
INSERT INTO `inclinometro_deslocamento` ( `inclinometro_id`, `deslocamento_id`) VALUES ( 1, 15 );